{
    "EWKino_M-145_135_125_ctau-1": {
        "ctau_cm": 0.1,
        "delta_fraction": 0.1,
        "dir": [
            "/eos/uscms/store/user/amalbert/EWKinoSamples/145_135_125_N2N1/145_135_125_N2N1_1mm.root"
	],
        "group": "sig_EWKino_1mm",
        "limit_num_files": -1,
        "lumi": 59.74,
        "m1": 100.0,
        "mode": "SIGNAL",
        "sum_gen_wgt": 16106.0,
        "xsec": 0.000866744386517,
        "year": 2018
    },
    "EWKino_M-145_135_125_ctau-10": {
        "ctau_cm": 1,
        "delta_fraction": 0.1,
        "dir": [
	    "/eos/uscms/store/user/amalbert/EWKinoSamples/145_135_125_N2N1/145_135_125_N2N1_10mm.root"
        ],
        "group": "sig_EWKino_10mm",
        "limit_num_files": -1,
        "lumi": 59.74,
        "m1": 100.0,
        "mode": "SIGNAL",
        "sum_gen_wgt": 16102.0,
        "xsec": 0.000866529126518,
        "year": 2018
    },
    "EWKino_M-145_135_125_ctau-100": {
        "ctau_cm": 10,
        "delta_fraction": 0.1,
        "dir": [
	    "/eos/uscms/store/user/amalbert/EWKinoSamples/145_135_125_N2N1/145_135_125_N2N1_100mm.root"
        ],
        "group": "sig_EWKino_100mm",
        "limit_num_files": -1,
        "lumi": 59.74,
        "m1": 100.0,
        "mode": "SIGNAL",
        "sum_gen_wgt": 16086.0,
        "xsec": 0.000865668086522,
        "year": 2018
    },
    "EWKino_M-145_135_125_ctau-1000": {
        "ctau_cm": 100,
        "delta_fraction": 0.1,
        "dir": [
	   "/eos/uscms/store/user/amalbert/EWKinoSamples/145_135_125_N2N1/145_135_125_N2N1_1000mm.root"
        ],
        "group": "sig_EWKino_1000mm",
        "limit_num_files": -1,
        "lumi": 59.74,
        "m1": 100.0,
        "mode": "SIGNAL",
        "sum_gen_wgt": 16013.0,
        "xsec": 0.000861739591537,
        "year": 2018
    }
}
